id;lat;lon;address;duration_min;window_start;window_end;priority;required_skill;required_transport;equipment
67472;55.443470;37.769379;Домодедово, проезд.Советский 1-й, д. 1А;30;16:00;18:00;1;2;1;router:1
84466;55.607424;37.753662;Город Москва, проезд.Гурьевский, д. 23 к 1;80;18:00;20:00;1;2;;
14416;55.618860;37.751604;Город Москва, ул.Кустанайская, д. 8 к 1;30;16:00;18:00;1;2;;router:1
68359;55.599662;37.721909;Город Москва, ш.Каширское, д. 136;80;16:00;18:00;1;2;;router:1
66944;55.425109;37.770059;Домодедово, ул.Зеленая, д. 85;80;10:00;12:00;1;2;1;
52041;55.643317;37.654848;Город Москва, ул.Москворечье, д. 4 к 6;80;12:00;14:00;1;2;;
23807;55.578085;37.677552;Город Москва, проезд.Загорьевский, д. 9;80;10:00;12:00;1;2;;router:1
60484;55.604869;37.660797;Город Москва, ул.6-я Радиальная, д. 5 к 3;80;14:00;16:00;1;2;;
63591;55.588126;37.665877;Город Москва, ул.Бирюлёвская, д. 39;80;14:00;16:00;1;2;;
53552;54.838645;38.193432;Кашира, ул.Победы, д. 9;30;14:00;16:00;1;2;1;router:1
58066;55.636244;37.769258;Город Москва, ул.Братеевская, д. 18 к 1;80;12:00;14:00;1;2;;router:1
2915;55.614938;37.735426;Город Москва, б-р.Ореховый, д. 35 к 1;80;12:00;14:00;1;2;;
3566;55.614938;37.735426;Город Москва, б-р.Ореховый, д. 35 к 1;80;12:00;14:00;1;2;;
68946;55.636011;37.653363;Город Москва, пр-кт.Пролетарский, д. 14А;80;16:00;18:00;1;2;;
55454;55.422667;37.777954;Домодедово, ул.Корнеева, д. 50;80;12:00;14:00;1;2;1;
35057;55.425513;37.778349;Домодедово, ул.Корнеева, д. 40;80;14:00;16:00;1;2;1;router:1
75745;55.425109;37.770059;Домодедово, ул.Зеленая, д. 85;30;10:00;12:00;1;2;1;router:1
65717;55.629584;37.679058;Город Москва, ул.Ереванская, д. 29;80;10:00;12:00;1;2;;router:1
44117;55.623495;37.653893;Город Москва, ул.Севанская, д. 15 к 1;80;10:00;12:00;1;2;;
76173;55.603775;37.651023;Город Москва, ул.6-я Радиальная, д. 7/1 к 2;80;16:00;18:00;1;2;;
876;55.578085;37.677552;Город Москва, проезд.Загорьевский, д. 9;30;10:00;12:00;1;2;;router:1
62011;54.842329;38.245398;Кашира, ул.Садовая, д. 18;80;10:00;12:00;1;2;1;router:1
57353;54.850060;38.244352;Кашира, ул.Садовая, д. 2/11;30;12:00;14:00;1;2;1;router:1
2245;55.636913;37.763098;Город Москва, ул.Паромная, д. 9 к 1;80;14:00;16:00;1;2;;router:1
14494;55.634346;37.765894;Город Москва, ул.Братеевская, д. 16 к 1;80;10:00;12:00;1;2;;
78920;55.637983;37.751842;Город Москва, ул.Борисовские Пруды, д. 20 к 1;80;12:00;14:00;1;2;;router:1
78876;54.840088;38.249487;Кашира, ул.Юбилейная, д. 9;80;10:00;12:00;1;2;1;router:1
23094;54.844296;38.238713;Кашира, ул.8 Марта, д. 22;80;12:00;14:00;1;2;1;
79144;55.609666;37.706047;Город Москва, б-р.Ореховый, д. 7 к 1;80;10:00;12:00;1;2;;router:1
60141;55.614969;37.713784;Город Москва, ш.Каширское, д. 94 к 1;80;12:00;14:00;1;2;;
79450;55.610875;37.712846;Город Москва, б-р.Ореховый, д. 11 к 1;30;12:00;14:00;1;2;;router:1
58129;55.614413;37.722695;Город Москва, проезд.Борисовский, д. 44 к 3;80;10:00;12:00;1;2;;router:1
93798;55.616534;37.730724;Город Москва, проезд.Ореховый, д. 41;80;10:00;12:00;1;2;;router:1
89696;55.410537;37.837823;Домодедово, ул.Ильюшина, д. 20;80;14:00;16:00;1;2;1;
20362;54.841963;38.248056;Кашира, ул.Юбилейная, д. 8;80;14:00;16:00;1;2;1;
40698;55.618075;37.754316;Город Москва, ул.Кустанайская, д. 9 к 1;80;12:00;14:00;1;2;;
2427;55.633855;37.653840;Город Москва, пр-кт.Пролетарский, д. 18 к 4;30;18:00;20:00;1;2;;router:1
51603;55.637983;37.751842;Город Москва, ул.Борисовские Пруды, д. 20 к 1;30;18:00;20:00;1;2;;router:1
13404;54.839870;38.239905;Кашира, ул.Кржижановского, д. 7;30;20:00;22:00;1;2;1;router:1
72476;55.589995;37.648374;Город Москва, ул.Медынская, д. 5 к 1;30;14:00;16:00;1;2;;speaker:1
90989;55.451202;37.748899;Домодедово, ул.Гагарина, д. 55/2;40;16:00;18:00;1;1;1;
7660;55.454603;37.744439;Домодедово, ул.1-я Коммунистическая, д. 39;40;18:00;20:00;1;1;1;
89067;55.641823;37.774800;Город Москва, ул.Борисовские Пруды, д. 48 к 2;40;18:00;20:00;1;1;1;
65268;54.891794;38.069205;Ступино, ул.Калинина, д. 34;40;20:00;22:00;1;1;1;
33880;55.606056;37.706711;Город Москва, проезд.Шипиловский, д. 59 к 2;40;20:00;22:00;1;1;;
37590;55.576055;37.646168;Город Москва, проезд.Востряковский, д. 15 к 2;40;20:00;22:00;1;1;;
33507;55.580670;37.668148;Город Москва, ул.Бирюлёвская, д. 58 к 3;40;18:00;20:00;1;1;;
88209;55.603900;37.716126;Город Москва, ул.Домодедовская, д. 31;40;12:00;14:00;1;1;;
24482;55.623513;37.663133;Город Москва, ул.Весёлая, д. 33 к 7;40;20:00;22:00;1;1;1;
40111;54.891794;38.069205;Ступино, ул.Калинина, д. 34;40;10:00;12:00;1;1;1;
46199;55.414487;37.842475;Домодедово, ул.Ильюшина, д. 11 к 2;40;12:00;14:00;1;1;1;
75282;55.576874;37.649240;Город Москва, проезд.Востряковский, д. 15 к 4;40;16:00;18:00;1;1;;router:1
63577;55.423584;37.778289;Домодедово, ул.Корнеева, д. 48;40;10:00;12:00;1;1;1;
7610;55.625695;37.664182;Город Москва, ул.Луганская, д. 4 к 1;40;18:00;20:00;1;1;;
19216;55.627836;37.664554;Город Москва, ул.Луганская, д. 3 к 1;40;12:00;14:00;1;1;;tvbox:1
11872;55.623513;37.663133;Город Москва, ул.Весёлая, д. 33 к 7;40;14:00;16:00;1;1;1;
54422;55.628703;37.663720;Город Москва, ул.Луганская, д. 1;40;16:00;18:00;1;1;;
4724;55.635114;37.677397;Город Москва, ул.Кантемировская, д. 5 к 2;40;18:00;20:00;1;1;;
11899;55.574132;37.666365;Город Москва, проезд.Загорьевский, д. 7 к 2;40;10:00;12:00;1;1;;
60886;55.620441;37.695885;Город Москва, ул.Маршала Захарова, д. 18 к 1;40;16:00;18:00;1;1;;
32066;55.607211;37.726134;Город Москва, ул.Генерала Белова, д. 45 к 2;40;14:00;16:00;1;1;;
63894;55.620511;37.724507;Город Москва, ул.Шипиловская, д. 38;40;12:00;14:00;1;1;;
64168;55.607134;37.750341;Город Москва, проезд.Гурьевский, д. 19 к 2;40;16:00;18:00;1;1;;tvbox:1
40919;55.614413;37.722695;Город Москва, проезд.Борисовский, д. 44 к 3;40;10:00;12:00;1;1;1;
36961;55.622825;37.731378;Город Москва, проезд.Ореховый, д. 23 к 1;40;18:00;20:00;1;1;;
12329;55.581201;37.647514;Город Москва, ул.Булатниковская, д. 4 к 1;40;12:00;14:00;1;1;1;
95692;55.617082;37.758389;Город Москва, б-р.Ореховый, д. 61 к 1;40;10:00;12:00;1;1;;
13583;55.437187;37.761946;Домодедово, проезд.Кутузовский, д. 16;40;14:00;16:00;1;1;1;
3151;54.842912;38.190727;Кашира, ул.Ленина, д. 11 к 3;40;12:00;14:00;1;1;1;
45778;54.840998;38.189764;Кашира, ул.Металлургов, д. 5 к 3;40;14:00;16:00;1;1;1;
20055;55.627450;37.743797;Город Москва, ул.Мусы Джалиля, д. 9 к 1;40;12:00;14:00;1;1;;
7258;55.411747;37.840144;обл.Московская область, г.Домодедово, пгт.Востряково-1, ул.Жуковского, д. 14/18;90;20:00;22:00;2;3;1;
78673;54.842123;38.239767;МО, г. Кашира Центральная ул. д. 21;90;00:01;23:59;2;3;1;
98998;54.839843;38.239367;МО, г. Кашира Кржижановского ул. д. 5/1;90;00:01;23:59;2;3;1;
32589;54.839923;38.241593;МО, г. Кашира Кржижановского ул. д. 7к2;90;00:01;23:59;2;3;1;
51774;54.839843;38.239367;МО, г. Кашира Кржижановского ул. д. 5/3;90;00:01;23:59;2;3;1;
90915;54.839843;38.239367;МО, г. Кашира Кржижановского ул. д. 5/2;90;00:01;23:59;2;3;1;
45243;54.839843;38.239367;МО, г. Кашира Кржижановского ул. д. 5/1;90;00:01;23:59;2;3;1;
81698;54.885827;38.082160;МО, г. Ступино Андропова ул. д. 37;90;00:01;23:59;2;3;1;
97168;54.885756;38.082999;МО, г. Ступино Андропова ул. д. 33;90;00:01;23:59;2;3;1;
65034;54.841513;38.240773;МО, г. Кашира Центральная ул. д. 19;90;00:01;23:59;2;3;1;
1287;55.586436;37.664566;Москва Бирюлевская ул. д. 44;90;00:01;23:59;2;3;1;
31495;55.593612;37.651387;Москва Булатниковский пр-зд. д. 6к1;90;00:01;23:59;2;3;1;
