id;name;depot_lat;depot_lon;shift_start;shift_end;skills;transport;equipment
BR-ВОС-01;Бригада Ефимов;55.699798;37.772576;09:30;23:30;2|3|1;1;router:3|speaker:1|tvbox:1
BR-ВОС-02;Бригада Ковалёв;55.699798;37.772576;09:30;23:30;2|3|1;1;router:3|speaker:1|tvbox:1
BR-ВОС-03;Бригада Панкратов;55.699798;37.772576;09:30;23:30;2|1;2;router:3|speaker:1|tvbox:1
BR-ВОС-04;Бригада Дегтярёв;55.699798;37.772576;09:30;23:30;2;4;router:3|speaker:1|tvbox:1
BR-ВОС-05;Бригада Сорокин;55.699798;37.772576;09:30;23:30;1;4;router:3|speaker:1|tvbox:1
BR-ВОС-06;Бригада Лыткин;55.699798;37.772576;09:30;23:30;2|1;2;router:3|speaker:1|tvbox:1
BR-ВОС-07;Бригада Ямщиков;55.699798;37.772576;09:30;23:30;2|1;4;router:2|speaker:1|tvbox:1
BR-ВОС-08;Бригада Бердников;55.699798;37.772576;09:30;23:30;2|1;3;router:2|speaker:1|tvbox:1
BR-ВОС-09;Бригада Гуляев;55.699798;37.772576;09:30;23:30;2;4;router:2|speaker:1|tvbox:1
BR-ВОС-10;Бригада Шестаков;55.699798;37.772576;09:30;23:30;1;4;router:2|speaker:1|tvbox:1
BR-ВОС-11;Бригада Русаков;55.699798;37.772576;09:30;23:30;2|1;2;router:2|speaker:1|tvbox:1
BR-ВОС-12;Бригада Наумов;55.699798;37.772576;09:30;23:30;2|1;4;router:2|speaker:1|tvbox:1
