engineer_id;engineer_name;transport;seq;job_id;address;skill;window;arrive;start;end;duration_min;travel_min;km;status;reason
BR-ВОС-01;Бригада Ефимов;Автомобиль;1;68476;Город Москва, ул.3-я Карачаровская, д. 8 к 2;Локальные работы;10:00-12:00;10:05;10:05;10:45;40;18;9.342;назначена;
BR-ВОС-01;Бригада Ефимов;Автомобиль;2;76678;Город Москва, ул.Боровая, д. 12;Локальные работы;10:00-12:00;10:59;10:59;11:39;40;14;6.242;назначена;
BR-ВОС-01;Бригада Ефимов;Автомобиль;3;24980;г.Город Москва, наб.Семеновская, д. 3/1к2;Аварийные работы;10:00-12:00;11:44;11:44;13:14;90;5;1.676;назначена;
BR-ВОС-01;Бригада Ефимов;Автомобиль;4;4893;Город Москва, ул.Земляной Вал, д. 24/30 стр. 1;Локальные работы;12:00-14:00;13:28;13:28;14:08;40;14;6.178;назначена;
BR-ВОС-01;Бригада Ефимов;Автомобиль;5;48238;Город Москва, ул.Артюхиной, д. 3;Локальные работы;14:00-16:00;14:26;14:26;15:06;40;18;9.71;назначена;
BR-ВОС-01;Бригада Ефимов;Автомобиль;6;71388;Город Москва, ул.Артюхиной, д. 20А;Работы на подключение и дозаказы;14:00-16:00;15:10;15:10;16:30;80;4;0.795;назначена;
BR-ВОС-01;Бригада Ефимов;Автомобиль;7;87693;Город Москва, ул.Чистова, д. 12;Работы на подключение и дозаказы;16:00-18:00;16:34;16:34;17:54;80;4;1.139;назначена;
BR-ВОС-01;Бригада Ефимов;Автомобиль;8;61540;Город Москва, ул.Юных Ленинцев, д. 84;Работы на подключение и дозаказы;16:00-18:00;18:00;18:00;19:20;80;6;3.224;назначена;
BR-ВОС-01;Бригада Ефимов;Автомобиль;9;48174;Город Москва, ул.Маршала Чуйкова, д. 9 к 2;Локальные работы;18:00-20:00;19:24;19:24;20:04;40;4;1.651;назначена;
BR-ВОС-01;Бригада Ефимов;Автомобиль;10;21367;г.Город Москва, ул.Саратовская, д. 16;Аварийные работы;20:00-22:00;20:12;20:12;21:42;90;8;3.533;назначена;
BR-ВОС-02;Бригада Ковалёв;Автомобиль;1;32807;Город Москва, ул.Окская, д. 6 к 1;Локальные работы;10:00-12:00;11:35;11:35;12:15;40;7;3.181;назначена;
BR-ВОС-02;Бригада Ковалёв;Автомобиль;2;7939;Город Москва, пр-кт.Рязанский, д. 73;Работы на подключение и дозаказы;12:00-14:00;12:23;12:23;13:43;80;8;3.937;назначена;
BR-ВОС-02;Бригада Ковалёв;Автомобиль;3;23380;Город Москва, ул.Рогожский Вал, д. 2/50;Работы на подключение и дозаказы;12:00-14:00;14:00;14:00;15:20;80;17;8.363;назначена;
BR-ВОС-02;Бригада Ковалёв;Автомобиль;4;22634;Город Москва, ул.Стройковская, д. 8;Работы на подключение и дозаказы;14:00-16:00;15:26;15:26;15:56;30;6;1.953;назначена;
BR-ВОС-02;Бригада Ковалёв;Автомобиль;5;82388;Город Москва, ул.1-я Дубровская, д. 6;Работы на подключение и дозаказы;14:00-16:00;16:00;16:00;17:20;80;4;1.682;назначена;
BR-ВОС-02;Бригада Ковалёв;Автомобиль;6;35675;Город Москва, ул.Трофимова, д. 24 к 2;Работы на подключение и дозаказы;16:00-18:00;17:28;17:28;18:48;80;8;3.729;назначена;
BR-ВОС-02;Бригада Ковалёв;Автомобиль;7;17892;Город Москва, ул.11-я Текстильщиков, д. 10;Локальные работы;18:00-20:00;19:01;19:01;19:41;40;13;7.146;назначена;
BR-ВОС-02;Бригада Ковалёв;Автомобиль;8;74198;Город Москва, пр-кт.Волгоградский, д. 128 к 5;Работы на подключение и дозаказы;20:00-22:00;19:48;20:00;21:20;80;7;3.265;назначена;
BR-ВОС-02;Бригада Ковалёв;Автомобиль;9;57299;г.Город Москва, пр-кт.Волгоградский, д. 128к1;Аварийные работы;20:00-22:00;21:21;21:21;22:51;90;1;0.171;назначена;
BR-ВОС-03;Бригада Панкратов;Пешеход;1;52405;Город Москва, ул.Зарайская, д. 51 к 2;Работы на подключение и дозаказы;10:00-12:00;11:17;11:17;12:37;80;72;5.382;назначена;
BR-ВОС-03;Бригада Панкратов;Пешеход;2;76082;Город Москва, ул.Смирновская, д. 6;Работы на подключение и дозаказы;12:00-14:00;14:00;14:00;14:30;30;83;6.248;назначена;
BR-ВОС-03;Бригада Панкратов;Пешеход;3;47330;Город Москва, ул.Красноказарменная, д. 9Б стр. 1;Локальные работы;14:00-16:00;15:12;15:12;15:52;40;42;3.162;назначена;
BR-ВОС-03;Бригада Панкратов;Пешеход;4;15648;г.Город Москва, наб.Семеновская, д. 2/1;Локальные работы;16:00-18:00;16:45;16:45;17:25;40;53;3.97;назначена;
BR-ВОС-03;Бригада Панкратов;Пешеход;5;26645;Город Москва, ул.Сторожевая, д. 31;Локальные работы;16:00-18:00;17:49;17:49;18:29;40;24;1.788;назначена;
BR-ВОС-03;Бригада Панкратов;Пешеход;6;98815;Город Москва, ул.2-я Синичкина, д. 9 к 1;Работы на подключение и дозаказы;18:00-20:00;18:47;18:47;19:17;30;18;1.354;назначена;
BR-ВОС-04;Бригада Дегтярёв;Общественный транспорт;1;77563;Город Москва, ул.Зеленодольская, д. 28Б;Работы на подключение и дозаказы;10:00-12:00;10:52;10:52;12:12;80;15;2.239;назначена;
BR-ВОС-04;Бригада Дегтярёв;Общественный транспорт;2;10245;Город Москва, ул.Фёдора Полетаева, д. 2 к 6;Работы на подключение и дозаказы;12:00-14:00;12:24;12:24;13:44;80;12;1.348;назначена;
BR-ВОС-04;Бригада Дегтярёв;Общественный транспорт;3;93086;Город Москва, ул.Паперника, д. 19;Работы на подключение и дозаказы;12:00-14:00;14:00;14:00;15:20;80;16;2.523;назначена;
BR-ВОС-04;Бригада Дегтярёв;Общественный транспорт;4;57866;Город Москва, ул.Окская, д. 48/2;Работы на подключение и дозаказы;14:00-16:00;15:33;15:33;16:53;80;13;1.398;назначена;
BR-ВОС-04;Бригада Дегтярёв;Общественный транспорт;5;10135;Город Москва, ул.3-я Институтская, д. 5 к 2;Работы на подключение и дозаказы;18:00-20:00;17:06;18:00;19:20;80;13;1.401;назначена;
BR-ВОС-04;Бригада Дегтярёв;Общественный транспорт;6;46393;Город Москва, ул.Михайлова, д. 14;Работы на подключение и дозаказы;20:00-22:00;19:32;20:00;21:20;80;12;1.301;назначена;
BR-ВОС-05;Бригада Сорокин;Общественный транспорт;1;48227;Город Москва, ул.Талалихина, д. 16;Локальные работы;12:00-14:00;14:00;14:00;14:40;40;115;32.059;назначена;
BR-ВОС-06;Бригада Лыткин;Пешеход;1;54964;г.Город Москва, ул.Ташкентская, д. 16к2;Локальные работы;10:00-12:00;12:00;12:00;12:40;40;57;4.273;назначена;
BR-ВОС-06;Бригада Лыткин;Пешеход;2;41912;Город Москва, проезд.Ферганский, д. 7 к 5;Локальные работы;12:00-14:00;13:13;13:13;13:53;40;33;2.482;назначена;
BR-ВОС-06;Бригада Лыткин;Пешеход;3;41962;г.Город Москва, б-р.Самаркандский, д. 32к1;Локальные работы;16:00-18:00;14:15;16:00;16:40;40;22;1.681;назначена;
BR-ВОС-06;Бригада Лыткин;Пешеход;4;97886;г.Город Москва, б-р.Самаркандский, д. 10к2;Локальные работы;16:00-18:00;17:08;17:08;17:48;40;28;2.093;назначена;
BR-ВОС-06;Бригада Лыткин;Пешеход;5;92031;Город Москва, ул.Ферганская, д. 28/7;Работы на подключение и дозаказы;18:00-20:00;17:58;18:00;18:30;30;10;0.755;назначена;
BR-ВОС-06;Бригада Лыткин;Пешеход;6;18754;Город Москва, ул.1-я Новокузьминская, д. 16 к 1;Работы на подключение и дозаказы;18:00-20:00;19:06;19:06;20:26;80;36;2.688;назначена;
BR-ВОС-06;Бригада Лыткин;Пешеход;7;31260;Город Москва, б-р.Самаркандский Квартал 137а, д. к5;Работы на подключение и дозаказы;20:00-22:00;21:04;21:04;21:34;30;38;2.879;назначена;
BR-ВОС-06;Бригада Лыткин;Пешеход;8;43506;Город Москва, б-р.Самаркандский Квартал 137а, д. к5;Локальные работы;20:00-22:00;21:35;21:35;22:15;40;1;0.0;назначена;
BR-ВОС-07;Бригада Ямщиков;Общественный транспорт;1;33527;Москва, проезд Орехово-Зуевский, д. 18/8;Работы на подключение и дозаказы;10:00-12:00;10:54;10:54;11:24;30;32;7.079;назначена;
BR-ВОС-07;Бригада Ямщиков;Общественный транспорт;2;50219;Город Москва, ул.Чистопольская, д. 2 к 2;Локальные работы;10:00-12:00;11:33;11:33;12:13;40;9;0.401;назначена;
BR-ВОС-07;Бригада Ямщиков;Общественный транспорт;3;67554;Город Москва, ул.Бронницкая, д. 12;Работы на подключение и дозаказы;12:00-14:00;12:22;12:22;13:42;80;9;0.246;назначена;
BR-ВОС-07;Бригада Ямщиков;Общественный транспорт;4;29890;Город Москва, ул.Нижегородская, д. 61;Работы на подключение и дозаказы;12:00-14:00;14:00;14:00;15:20;80;18;3.094;назначена;
BR-ВОС-07;Бригада Ямщиков;Общественный транспорт;5;76643;Город Москва, ул.Большая Калитниковская, д. 38;Локальные работы;18:00-20:00;15:37;18:00;18:40;40;17;2.721;назначена;
BR-ВОС-07;Бригада Ямщиков;Общественный транспорт;6;21571;Город Москва, пер.Большой Рогожский, д. 10 к 2;Локальные работы;18:00-20:00;18:55;18:55;19:35;40;15;2.084;назначена;
BR-ВОС-07;Бригада Ямщиков;Общественный транспорт;7;86160;Город Москва, пер.Маяковского, д. 2;Работы на подключение и дозаказы;18:00-20:00;19:51;19:51;21:11;80;16;2.367;назначена;
BR-ВОС-07;Бригада Ямщиков;Общественный транспорт;8;47670;Город Москва, ул.Машкова, д. 13 стр. 1;Локальные работы;20:00-22:00;21:33;21:33;22:13;40;22;4.123;назначена;
BR-ВОС-08;Бригада Бердников;Велосипед;1;37272;Город Москва, ул.Талалихина, д. 2/1 к 4;Работы на подключение и дозаказы;10:00-12:00;10:27;10:27;11:47;80;41;8.789;назначена;
BR-ВОС-08;Бригада Бердников;Велосипед;2;74949;Город Москва, ул.Международная, д. 28 стр. 1;Работы на подключение и дозаказы;10:00-12:00;11:56;11:56;13:16;80;9;1.881;назначена;
BR-ВОС-08;Бригада Бердников;Велосипед;3;24076;Город Москва, ул.Новорогожская, д. 10;Локальные работы;12:00-14:00;13:19;13:19;13:59;40;3;0.742;назначена;
BR-ВОС-08;Бригада Бердников;Велосипед;4;41077;Город Москва, ул.Новорогожская, д. 8;Работы на подключение и дозаказы;12:00-14:00;14:00;14:00;15:20;80;1;0.292;назначена;
BR-ВОС-08;Бригада Бердников;Велосипед;5;17349;г.Город Москва, ул.Новорогожская, д. 20;Локальные работы;14:00-16:00;15:22;15:22;16:02;40;2;0.505;назначена;
BR-ВОС-08;Бригада Бердников;Велосипед;6;30243;Город Москва, ул.Нижегородская, д. 25;Локальные работы;18:00-20:00;16:05;18:00;18:40;40;3;0.598;назначена;
BR-ВОС-09;Бригада Гуляев;Общественный транспорт;1;98182;Город Москва, ул.Нижегородская, д. 63;Работы на подключение и дозаказы;10:00-12:00;10:11;10:11;11:31;80;31;6.901;назначена;
BR-ВОС-09;Бригада Гуляев;Общественный транспорт;2;69967;Город Москва, ул.Боровая, д. 14;Работы на подключение и дозаказы;10:00-12:00;12:00;12:00;12:30;30;29;6.365;назначена;
BR-ВОС-09;Бригада Гуляев;Общественный транспорт;3;94409;Город Москва, ул.Авиамоторная, д. 14;Работы на подключение и дозаказы;12:00-14:00;12:45;12:45;14:05;80;15;2.079;назначена;
BR-ВОС-09;Бригада Гуляев;Общественный транспорт;4;82808;Город Москва, ул.3-я Карачаровская, д. 4 к 1;Работы на подключение и дозаказы;14:00-16:00;14:26;14:26;15:46;80;21;3.8;назначена;
BR-ВОС-12;Бригада Наумов;Общественный транспорт;1;34366;Город Москва, ул.Малышева, д. 13;Работы на подключение и дозаказы;10:00-12:00;11:05;11:05;12:25;80;16;2.349;назначена;
BR-ВОС-12;Бригада Наумов;Общественный транспорт;2;60720;Город Москва, б-р.Волжский, д. 50 к 2;Локальные работы;12:00-14:00;12:37;12:37;13:17;40;12;1.184;назначена;
BR-ВОС-12;Бригада Наумов;Общественный транспорт;3;53587;Город Москва, ул.Артюхиной, д. 16;Работы на подключение и дозаказы;12:00-14:00;13:29;13:29;14:49;80;12;1.158;назначена;
BR-ВОС-12;Бригада Наумов;Общественный транспорт;4;73572;Город Москва, пр-кт.Волгоградский, д. 97 к 1;Локальные работы;14:00-16:00;15:06;15:06;15:46;40;17;2.696;назначена;
BR-ВОС-12;Бригада Наумов;Общественный транспорт;5;30769;Город Москва, ул.Саратовская, д. 14/1;Работы на подключение и дозаказы;14:00-16:00;16:00;16:00;17:20;80;14;1.801;назначена;
BR-ВОС-12;Бригада Наумов;Общественный транспорт;6;50104;Город Москва, ул.Грайвороновская, д. 10 к 2;Работы на подключение и дозаказы;18:00-20:00;17:34;18:00;19:20;80;14;1.661;назначена;
BR-ВОС-12;Бригада Наумов;Общественный транспорт;7;51115;Город Москва, ул.Паперника, д. 18;Локальные работы;18:00-20:00;19:44;19:44;20:24;40;24;4.713;назначена;
BR-ВОС-12;Бригада Наумов;Общественный транспорт;8;84627;Город Москва, ул.Окская, д. 32;Работы на подключение и дозаказы;20:00-22:00;20:40;20:40;22:00;80;16;2.541;назначена;

# регион: Восток, план: solver
# задействовано исполнителей: 10
# суммарный пробег, км: 230.1
# распределено заявок: 66 из 66
# не распределено: 0
# опозданий: 0
# пробег BR-ВОС-01: 43.49 км, заявок 10
# пробег BR-ВОС-02: 33.43 км, заявок 9
# пробег BR-ВОС-05: 32.06 км, заявок 1
# пробег BR-ВОС-07: 22.11 км, заявок 8
# пробег BR-ВОС-03: 21.9 км, заявок 6
# пробег BR-ВОС-09: 19.14 км, заявок 4
# пробег BR-ВОС-12: 18.1 км, заявок 8
# пробег BR-ВОС-06: 16.85 км, заявок 8
# пробег BR-ВОС-08: 12.81 км, заявок 6
# пробег BR-ВОС-04: 10.21 км, заявок 6
